{
  "requirements": [
    {
      "description": "1 - Crie uma função que busca as espécies de animais por id",
      "bonus": false,
      "skill_ids":[
        "ba898853-37f2-45b2-ae68-0840bf4ad791",
        "0a1e7c42-361c-4fac-8bc5-3281d8170df5",
        "36126639-a745-4aa7-81b3-f433815f0e30"
      ]
    },
    {
      "description": "2 - Crie uma função que verifica se todos os animais de uma espécie possuem a idade mínima especificada",
      "bonus": false,
      "skill_ids":[
        "ba898853-37f2-45b2-ae68-0840bf4ad791",
        "eed913ff-405d-49dc-9a8f-229bcbcff0d2",
        "e2d499d7-7fdb-4472-835a-5bbe772fb189",
        "a14393ee-0b37-4a7d-85fd-d6bbcade5c39",
        "36126639-a745-4aa7-81b3-f433815f0e30"
      ]
    },
    {
      "description": "3 - Crie uma função que busca as pessoas colaboradoras a partir do primeiro ou último nome",
      "bonus": false,
      "skill_ids":[
        "e2d499d7-7fdb-4472-835a-5bbe772fb189",
        "e51df440-90ee-42e8-be83-1c02e2c06489",
        "ba898853-37f2-45b2-ae68-0840bf4ad791",
        "36126639-a745-4aa7-81b3-f433815f0e30"
      ]
    },
    {
      "description": "4 - Crie a gestão dos funcionários de acordo com o respectivo gerente",
      "bonus": false,
      "skill_ids": [
        "8f62d52e-e161-4068-a24f-0cb8c6abbc5e",
        "4a2036cd-41a3-4e78-ab6d-580c649d03ba",
        "0ecadb3e-6205-43f5-8d58-6ac7cea4e842",
        "681ba03c-f09b-4bfd-92ff-d6b9336695d8",
        "e51df440-90ee-42e8-be83-1c02e2c06489",
        "36126639-a745-4aa7-81b3-f433815f0e30"        
      ]
    },
    {
      "description": "5 - Crie uma função que realiza a contagem dos animais de cada espécie",
      "bonus": false,
      "skill_ids":[
        "ce3a4c2e-8aec-407f-aced-8fbb410199d0",
        "e2d499d7-7fdb-4472-835a-5bbe772fb189",
        "e51df440-90ee-42e8-be83-1c02e2c06489",
        "3d55073f-24ce-4a3f-90b8-44f3c85ebd48",
        "4a2036cd-41a3-4e78-ab6d-580c649d03ba",
        "36126639-a745-4aa7-81b3-f433815f0e30"
      ]
    },
    {
      "description": "6 - Crie o cálculo total do preço de entrada",
      "bonus": false,
      "skill_ids":[
        "a14393ee-0b37-4a7d-85fd-d6bbcade5c39",
        "bd9e7ce5-85e1-4240-a69c-9330d91943f9",
        "e51df440-90ee-42e8-be83-1c02e2c06489",
        "ba898853-37f2-45b2-ae68-0840bf4ad791",
        "36126639-a745-4aa7-81b3-f433815f0e30"
      ]
    },
    {
      "description": "7 - Crie um mapeamento geográfico das espécies e seus animais",
      "bonus": false,
      "skill_ids":[
        "053387f7-4332-4bd3-8327-fc20f3f85482",
        "4a2036cd-41a3-4e78-ab6d-580c649d03ba",
        "92ca3175-15c1-4262-9b47-b1898ebca7e9",
        "e51df440-90ee-42e8-be83-1c02e2c06489",
        "d8b4836c-331d-4bb9-b37c-d4f5880dcb95"
      ]
    },
    {
      "description": "8 - Crie o agendamento que disponibilize as informações de horário dos animais com o dia que os animais estão disponíveis",
      "bonus": false,
      "skill_ids":[
        "e51df440-90ee-42e8-be83-1c02e2c06489",
        "92ca3175-15c1-4262-9b47-b1898ebca7e9",
        "4a2036cd-41a3-4e78-ab6d-580c649d03ba",
        "0ecadb3e-6205-43f5-8d58-6ac7cea4e842",
        "36126639-a745-4aa7-81b3-f433815f0e30"
      ]
    },
    {
      "description": "9 - Crie uma função que busca o animal mais velho da primeira espécie gerenciada",
      "bonus": false,
      "skill_ids":[
        "ce3a4c2e-8aec-407f-aced-8fbb410199d0",
        "e2d499d7-7fdb-4472-835a-5bbe772fb189",
        "ba898853-37f2-45b2-ae68-0840bf4ad791",
        "36126639-a745-4aa7-81b3-f433815f0e30"
      ]
    },
    {
      "description": "10 - Crie uma associação de informações para cobertura das pessoas funcionárias",
      "bonus": false,
      "skill_ids":[
        "36126639-a745-4aa7-81b3-f433815f0e30",
        "ce3a4c2e-8aec-407f-aced-8fbb410199d0",
        "92ca3175-15c1-4262-9b47-b1898ebca7e9",
        "3d55073f-24ce-4a3f-90b8-44f3c85ebd48",
        "4a2036cd-41a3-4e78-ab6d-580c649d03ba",
        "e51df440-90ee-42e8-be83-1c02e2c06489",
        "681ba03c-f09b-4bfd-92ff-d6b9336695d8",
        "0ecadb3e-6205-43f5-8d58-6ac7cea4e842"
      ]
    }
  ]
}